epoch,train_acc,val_acc,time,time (s)
1.0,0.4356900751590729,0.42361870408058167,,48.03270125389099
2.0,0.7022973895072937,0.718244194984436,,120.56983399391174
