epoch,train_acc,val_acc,time,time (s)
1.0,0.5312525033950806,0.5149656534194946,,48.756563663482666
